instance,sic_a,sic_b,fun_a,fun_b,ex_a,ex_b,ts_sic_a,ts_sic_b
0238_n_04,48.2361,48.2361,11.5561,11.6561,0.122189,1.96,54.287,54.287
0291_n_04,48.1224,46.2349,11.5291,11.1808,2.46453,326.497,51.86,51.6002
0324_n_05,51,51,9.79,9.89,0.0094195,0.0584416,58.566,58.566
0396_n_05,52.2973,51.1868,10.0365,9.92548,51.331,122.141,58.2391,57.7363
0482_n_06,64.2973,64.2973,10.2804,10.3804,0.0110308,0.115964,73.3769,73.3769
0469_n_06,64.2405,62.5562,10.2714,10.1047,0.0466651,1.87515,73.8506,71.1949
