id,x,y,neighbours
0,0.000000,10.000000,"(1)"
1,10.000000,10.000000,"(2,4)"
2,20.000000,10.000000,"()"
3,10.000000,0.000000,"(1)"
4,10.000000,20.000000,"()"
